filename,width,height,xmin,ymin,xmax,ymax
/kaggle/input/annotated-potholes-dataset/annotated-images/img-1.jpg,720,720,213,240,525,378
/kaggle/input/annotated-potholes-dataset/annotated-images/img-10.jpg,720,720,285,214,444,355
/kaggle/input/annotated-potholes-dataset/annotated-images/img-100.jpg,720,720,235,272,434,388
/kaggle/input/annotated-potholes-dataset/annotated-images/img-101.jpg,720,720,228,303,394,432
/kaggle/input/annotated-potholes-dataset/annotated-images/img-102.jpg,720,720,230,246,492,550
/kaggle/input/annotated-potholes-dataset/annotated-images/img-103.jpg,720,720,264,251,479,366
/kaggle/input/annotated-potholes-dataset/annotated-images/img-104.jpg,720,720,235,164,480,335
/kaggle/input/annotated-potholes-dataset/annotated-images/img-105.jpg,720,720,293,296,444,409
/kaggle/input/annotated-potholes-dataset/annotated-images/img-106.jpg,720,720,144,168,511,475
/kaggle/input/annotated-potholes-dataset/annotated-images/img-107.jpg,720,720,230,286,456,459
/kaggle/input/annotated-potholes-dataset/annotated-images/img-108.jpg,720,720,270,198,442,326
/kaggle/input/annotated-potholes-dataset/annotated-images/img-109.jpg,720,720,337,244,451,337
/kaggle/input/annotated-potholes-dataset/annotated-images/img-11.jpg,720,720,223,245,466,489
/kaggle/input/annotated-potholes-dataset/annotated-images/img-110.jpg,720,720,224,290,638,411
/kaggle/input/annotated-potholes-dataset/annotated-images/img-111.jpg,720,720,337,265,425,319
/kaggle/input/annotated-potholes-dataset/annotated-images/img-112.jpg,720,720,176,171,513,301
/kaggle/input/annotated-potholes-dataset/annotated-images/img-113.jpg,720,720,90,142,595,459
/kaggle/input/annotated-potholes-dataset/annotated-images/img-114.jpg,720,720,271,260,403,373
/kaggle/input/annotated-potholes-dataset/annotated-images/img-115.jpg,720,720,230,275,454,394
/kaggle/input/annotated-potholes-dataset/annotated-images/img-116.jpg,720,720,295,265,530,411
/kaggle/input/annotated-potholes-dataset/annotated-images/img-117.jpg,720,720,280,270,404,517
/kaggle/input/annotated-potholes-dataset/annotated-images/img-118.jpg,720,720,155,151,504,595
/kaggle/input/annotated-potholes-dataset/annotated-images/img-119.jpg,720,720,188,212,395,389
/kaggle/input/annotated-potholes-dataset/annotated-images/img-12.jpg,720,720,278,373,535,639
/kaggle/input/annotated-potholes-dataset/annotated-images/img-120.jpg,720,720,242,346,492,440
/kaggle/input/annotated-potholes-dataset/annotated-images/img-121.jpg,720,720,159,230,331,352
/kaggle/input/annotated-potholes-dataset/annotated-images/img-122.jpg,720,720,260,288,476,430
/kaggle/input/annotated-potholes-dataset/annotated-images/img-123.jpg,720,720,459,267,641,436
/kaggle/input/annotated-potholes-dataset/annotated-images/img-124.jpg,720,720,169,32,269,80
/kaggle/input/annotated-potholes-dataset/annotated-images/img-125.jpg,720,720,293,302,461,410
/kaggle/input/annotated-potholes-dataset/annotated-images/img-126.jpg,720,720,226,284,461,416
/kaggle/input/annotated-potholes-dataset/annotated-images/img-127.jpg,720,720,357,306,537,398
/kaggle/input/annotated-potholes-dataset/annotated-images/img-128.jpg,720,720,269,203,437,399
/kaggle/input/annotated-potholes-dataset/annotated-images/img-129.jpg,720,720,248,285,351,374
/kaggle/input/annotated-potholes-dataset/annotated-images/img-13.jpg,720,720,160,288,396,433
/kaggle/input/annotated-potholes-dataset/annotated-images/img-130.jpg,720,720,295,270,426,340
/kaggle/input/annotated-potholes-dataset/annotated-images/img-131.jpg,720,720,271,383,374,471
/kaggle/input/annotated-potholes-dataset/annotated-images/img-132.jpg,720,720,97,222,584,434
/kaggle/input/annotated-potholes-dataset/annotated-images/img-133.jpg,720,720,305,287,436,348
/kaggle/input/annotated-potholes-dataset/annotated-images/img-134.jpg,720,720,290,274,422,399
/kaggle/input/annotated-potholes-dataset/annotated-images/img-135.jpg,720,720,149,293,520,489
/kaggle/input/annotated-potholes-dataset/annotated-images/img-136.jpg,720,720,290,261,400,390
/kaggle/input/annotated-potholes-dataset/annotated-images/img-137.jpg,720,720,299,279,461,421
/kaggle/input/annotated-potholes-dataset/annotated-images/img-138.jpg,720,720,324,312,438,368
/kaggle/input/annotated-potholes-dataset/annotated-images/img-139.jpg,720,720,278,260,429,397
/kaggle/input/annotated-potholes-dataset/annotated-images/img-14.jpg,720,720,144,246,636,524
/kaggle/input/annotated-potholes-dataset/annotated-images/img-140.jpg,720,720,304,342,505,489
/kaggle/input/annotated-potholes-dataset/annotated-images/img-141.jpg,720,720,400,444,504,523
/kaggle/input/annotated-potholes-dataset/annotated-images/img-142.jpg,720,720,181,299,538,397
/kaggle/input/annotated-potholes-dataset/annotated-images/img-143.jpg,720,720,275,318,441,426
/kaggle/input/annotated-potholes-dataset/annotated-images/img-144.jpg,720,720,259,354,429,464
/kaggle/input/annotated-potholes-dataset/annotated-images/img-145.jpg,720,720,288,320,435,411
/kaggle/input/annotated-potholes-dataset/annotated-images/img-146.jpg,720,720,153,253,439,421
/kaggle/input/annotated-potholes-dataset/annotated-images/img-147.jpg,720,720,312,299,410,418
/kaggle/input/annotated-potholes-dataset/annotated-images/img-148.jpg,720,720,254,246,385,383
/kaggle/input/annotated-potholes-dataset/annotated-images/img-149.jpg,720,720,195,233,506,351
/kaggle/input/annotated-potholes-dataset/annotated-images/img-15.jpg,720,720,249,322,462,433
/kaggle/input/annotated-potholes-dataset/annotated-images/img-150.jpg,720,720,216,279,559,400
/kaggle/input/annotated-potholes-dataset/annotated-images/img-151.jpg,720,720,269,269,483,409
/kaggle/input/annotated-potholes-dataset/annotated-images/img-152.jpg,720,720,261,262,343,306
/kaggle/input/annotated-potholes-dataset/annotated-images/img-153.jpg,720,720,297,297,425,387
/kaggle/input/annotated-potholes-dataset/annotated-images/img-154.jpg,720,720,94,242,539,642
/kaggle/input/annotated-potholes-dataset/annotated-images/img-155.jpg,720,720,420,248,583,378
/kaggle/input/annotated-potholes-dataset/annotated-images/img-156.jpg,720,720,204,255,452,425
/kaggle/input/annotated-potholes-dataset/annotated-images/img-157.jpg,720,720,243,260,437,379
/kaggle/input/annotated-potholes-dataset/annotated-images/img-158.jpg,720,720,297,292,462,409
/kaggle/input/annotated-potholes-dataset/annotated-images/img-159.jpg,720,720,304,304,437,407
/kaggle/input/annotated-potholes-dataset/annotated-images/img-16.jpg,720,720,258,279,452,460
/kaggle/input/annotated-potholes-dataset/annotated-images/img-160.jpg,720,720,491,1,683,165
/kaggle/input/annotated-potholes-dataset/annotated-images/img-161.jpg,720,720,281,289,420,383
/kaggle/input/annotated-potholes-dataset/annotated-images/img-162.jpg,720,720,221,246,480,386
/kaggle/input/annotated-potholes-dataset/annotated-images/img-163.jpg,720,720,257,282,517,487
/kaggle/input/annotated-potholes-dataset/annotated-images/img-164.jpg,720,720,220,286,489,424
/kaggle/input/annotated-potholes-dataset/annotated-images/img-165.jpg,720,720,225,311,486,446
/kaggle/input/annotated-potholes-dataset/annotated-images/img-166.jpg,720,720,250,274,468,426
/kaggle/input/annotated-potholes-dataset/annotated-images/img-167.jpg,720,720,279,263,470,407
/kaggle/input/annotated-potholes-dataset/annotated-images/img-168.jpg,720,720,242,262,475,358
/kaggle/input/annotated-potholes-dataset/annotated-images/img-169.jpg,720,720,154,259,465,418
/kaggle/input/annotated-potholes-dataset/annotated-images/img-17.jpg,720,720,124,313,416,507
/kaggle/input/annotated-potholes-dataset/annotated-images/img-170.jpg,720,720,330,243,429,291
/kaggle/input/annotated-potholes-dataset/annotated-images/img-171.jpg,720,720,244,191,485,347
/kaggle/input/annotated-potholes-dataset/annotated-images/img-172.jpg,720,720,208,69,384,143
/kaggle/input/annotated-potholes-dataset/annotated-images/img-173.jpg,720,720,226,251,488,359
/kaggle/input/annotated-potholes-dataset/annotated-images/img-174.jpg,720,720,259,371,533,504
/kaggle/input/annotated-potholes-dataset/annotated-images/img-175.jpg,720,720,178,230,405,438
/kaggle/input/annotated-potholes-dataset/annotated-images/img-176.jpg,720,720,257,283,454,401
/kaggle/input/annotated-potholes-dataset/annotated-images/img-177.jpg,720,720,255,248,444,366
/kaggle/input/annotated-potholes-dataset/annotated-images/img-178.jpg,720,720,261,315,453,417
/kaggle/input/annotated-potholes-dataset/annotated-images/img-179.jpg,720,720,295,249,457,468
/kaggle/input/annotated-potholes-dataset/annotated-images/img-18.jpg,720,720,269,215,405,301
/kaggle/input/annotated-potholes-dataset/annotated-images/img-180.jpg,720,720,218,279,507,421
/kaggle/input/annotated-potholes-dataset/annotated-images/img-181.jpg,720,720,291,333,466,455
/kaggle/input/annotated-potholes-dataset/annotated-images/img-182.jpg,720,720,285,287,443,442
/kaggle/input/annotated-potholes-dataset/annotated-images/img-183.jpg,720,720,175,224,489,466
/kaggle/input/annotated-potholes-dataset/annotated-images/img-184.jpg,720,720,23,24,52,34
/kaggle/input/annotated-potholes-dataset/annotated-images/img-185.jpg,720,720,261,269,483,476
/kaggle/input/annotated-potholes-dataset/annotated-images/img-186.jpg,720,720,122,316,412,453
/kaggle/input/annotated-potholes-dataset/annotated-images/img-187.jpg,720,720,233,282,472,420
/kaggle/input/annotated-potholes-dataset/annotated-images/img-188.jpg,720,720,266,227,410,329
/kaggle/input/annotated-potholes-dataset/annotated-images/img-189.jpg,720,720,261,278,468,412
/kaggle/input/annotated-potholes-dataset/annotated-images/img-19.jpg,720,720,270,227,417,339
/kaggle/input/annotated-potholes-dataset/annotated-images/img-190.jpg,720,720,161,253,472,443
/kaggle/input/annotated-potholes-dataset/annotated-images/img-191.jpg,720,720,271,335,467,494
/kaggle/input/annotated-potholes-dataset/annotated-images/img-192.jpg,720,720,276,294,415,397
/kaggle/input/annotated-potholes-dataset/annotated-images/img-193.jpg,720,720,272,347,361,400
/kaggle/input/annotated-potholes-dataset/annotated-images/img-194.jpg,720,720,261,290,469,419
/kaggle/input/annotated-potholes-dataset/annotated-images/img-195.jpg,720,720,117,147,276,219
/kaggle/input/annotated-potholes-dataset/annotated-images/img-196.jpg,720,720,274,301,490,416
/kaggle/input/annotated-potholes-dataset/annotated-images/img-197.jpg,720,720,338,346,485,443
/kaggle/input/annotated-potholes-dataset/annotated-images/img-198.jpg,720,720,194,224,349,277
/kaggle/input/annotated-potholes-dataset/annotated-images/img-199.jpg,720,720,245,312,427,552
/kaggle/input/annotated-potholes-dataset/annotated-images/img-2.jpg,720,720,307,234,458,325
/kaggle/input/annotated-potholes-dataset/annotated-images/img-20.jpg,720,720,231,248,345,313
/kaggle/input/annotated-potholes-dataset/annotated-images/img-200.jpg,720,720,202,358,288,403
/kaggle/input/annotated-potholes-dataset/annotated-images/img-201.jpg,720,720,218,224,588,516
/kaggle/input/annotated-potholes-dataset/annotated-images/img-202.jpg,720,720,292,374,372,451
/kaggle/input/annotated-potholes-dataset/annotated-images/img-203.jpg,720,720,185,296,425,403
/kaggle/input/annotated-potholes-dataset/annotated-images/img-204.jpg,720,720,190,175,358,315
/kaggle/input/annotated-potholes-dataset/annotated-images/img-205.jpg,720,720,274,166,715,384
/kaggle/input/annotated-potholes-dataset/annotated-images/img-206.jpg,720,720,216,291,487,464
/kaggle/input/annotated-potholes-dataset/annotated-images/img-207.jpg,720,720,183,269,554,503
/kaggle/input/annotated-potholes-dataset/annotated-images/img-208.jpg,720,720,287,158,446,294
/kaggle/input/annotated-potholes-dataset/annotated-images/img-209.jpg,720,720,297,206,507,399
/kaggle/input/annotated-potholes-dataset/annotated-images/img-21.jpg,720,720,244,262,504,534
/kaggle/input/annotated-potholes-dataset/annotated-images/img-210.jpg,720,720,194,123,518,455
/kaggle/input/annotated-potholes-dataset/annotated-images/img-211.jpg,720,720,234,262,532,438
/kaggle/input/annotated-potholes-dataset/annotated-images/img-212.jpg,720,720,283,256,484,442
/kaggle/input/annotated-potholes-dataset/annotated-images/img-213.jpg,720,720,244,238,472,440
/kaggle/input/annotated-potholes-dataset/annotated-images/img-214.jpg,720,720,256,298,402,415
/kaggle/input/annotated-potholes-dataset/annotated-images/img-215.jpg,720,720,213,202,371,373
/kaggle/input/annotated-potholes-dataset/annotated-images/img-216.jpg,720,720,300,284,483,375
/kaggle/input/annotated-potholes-dataset/annotated-images/img-217.jpg,720,720,354,380,449,483
/kaggle/input/annotated-potholes-dataset/annotated-images/img-218.jpg,720,720,264,264,422,435
/kaggle/input/annotated-potholes-dataset/annotated-images/img-219.jpg,720,720,192,253,494,391
/kaggle/input/annotated-potholes-dataset/annotated-images/img-22.jpg,720,720,257,348,422,602
/kaggle/input/annotated-potholes-dataset/annotated-images/img-220.jpg,720,720,193,249,463,423
/kaggle/input/annotated-potholes-dataset/annotated-images/img-221.jpg,720,720,257,315,387,401
/kaggle/input/annotated-potholes-dataset/annotated-images/img-222.jpg,720,720,254,223,445,498
/kaggle/input/annotated-potholes-dataset/annotated-images/img-223.jpg,720,720,327,315,436,428
/kaggle/input/annotated-potholes-dataset/annotated-images/img-224.jpg,720,720,257,300,463,471
/kaggle/input/annotated-potholes-dataset/annotated-images/img-225.jpg,720,720,86,125,124,145
/kaggle/input/annotated-potholes-dataset/annotated-images/img-226.jpg,720,720,190,325,437,491
/kaggle/input/annotated-potholes-dataset/annotated-images/img-227.jpg,720,720,205,205,472,333
/kaggle/input/annotated-potholes-dataset/annotated-images/img-228.jpg,720,720,265,266,495,464
/kaggle/input/annotated-potholes-dataset/annotated-images/img-229.jpg,720,720,279,268,399,338
/kaggle/input/annotated-potholes-dataset/annotated-images/img-23.jpg,720,720,175,183,607,332
/kaggle/input/annotated-potholes-dataset/annotated-images/img-230.jpg,720,720,251,320,475,441
/kaggle/input/annotated-potholes-dataset/annotated-images/img-231.jpg,720,720,245,219,483,390
/kaggle/input/annotated-potholes-dataset/annotated-images/img-232.jpg,720,720,317,160,410,236
/kaggle/input/annotated-potholes-dataset/annotated-images/img-233.jpg,720,720,270,250,470,402
/kaggle/input/annotated-potholes-dataset/annotated-images/img-234.jpg,720,720,298,323,410,403
/kaggle/input/annotated-potholes-dataset/annotated-images/img-235.jpg,720,720,228,197,503,464
/kaggle/input/annotated-potholes-dataset/annotated-images/img-236.jpg,720,720,247,231,410,350
/kaggle/input/annotated-potholes-dataset/annotated-images/img-237.jpg,720,720,251,191,509,397
/kaggle/input/annotated-potholes-dataset/annotated-images/img-238.jpg,720,720,203,311,480,435
/kaggle/input/annotated-potholes-dataset/annotated-images/img-239.jpg,720,720,232,272,455,404
/kaggle/input/annotated-potholes-dataset/annotated-images/img-24.jpg,720,720,284,313,418,421
/kaggle/input/annotated-potholes-dataset/annotated-images/img-240.jpg,720,720,281,243,456,457
/kaggle/input/annotated-potholes-dataset/annotated-images/img-241.jpg,720,720,207,108,304,166
/kaggle/input/annotated-potholes-dataset/annotated-images/img-242.jpg,720,720,214,317,487,474
/kaggle/input/annotated-potholes-dataset/annotated-images/img-243.jpg,720,720,242,339,462,409
/kaggle/input/annotated-potholes-dataset/annotated-images/img-244.jpg,720,720,240,307,465,492
/kaggle/input/annotated-potholes-dataset/annotated-images/img-245.jpg,720,720,246,295,409,411
/kaggle/input/annotated-potholes-dataset/annotated-images/img-246.jpg,720,720,188,273,437,414
/kaggle/input/annotated-potholes-dataset/annotated-images/img-247.jpg,720,720,261,275,449,397
/kaggle/input/annotated-potholes-dataset/annotated-images/img-248.jpg,720,720,125,247,475,421
/kaggle/input/annotated-potholes-dataset/annotated-images/img-249.jpg,720,720,222,292,475,479
/kaggle/input/annotated-potholes-dataset/annotated-images/img-25.jpg,720,720,215,257,597,481
/kaggle/input/annotated-potholes-dataset/annotated-images/img-250.jpg,720,720,129,274,619,481
/kaggle/input/annotated-potholes-dataset/annotated-images/img-251.jpg,720,720,213,291,577,523
/kaggle/input/annotated-potholes-dataset/annotated-images/img-252.jpg,720,720,119,165,311,251
/kaggle/input/annotated-potholes-dataset/annotated-images/img-253.jpg,720,720,241,303,600,397
/kaggle/input/annotated-potholes-dataset/annotated-images/img-254.jpg,720,720,221,270,470,414
/kaggle/input/annotated-potholes-dataset/annotated-images/img-255.jpg,720,720,282,312,419,368
/kaggle/input/annotated-potholes-dataset/annotated-images/img-256.jpg,720,720,223,387,382,577
/kaggle/input/annotated-potholes-dataset/annotated-images/img-257.jpg,720,720,261,310,415,505
/kaggle/input/annotated-potholes-dataset/annotated-images/img-258.jpg,720,720,260,306,465,411
/kaggle/input/annotated-potholes-dataset/annotated-images/img-259.jpg,720,720,249,243,464,413
/kaggle/input/annotated-potholes-dataset/annotated-images/img-26.jpg,720,720,288,296,434,411
/kaggle/input/annotated-potholes-dataset/annotated-images/img-260.jpg,720,720,197,272,449,378
/kaggle/input/annotated-potholes-dataset/annotated-images/img-261.jpg,720,720,213,251,483,409
/kaggle/input/annotated-potholes-dataset/annotated-images/img-262.jpg,720,720,276,263,377,349
/kaggle/input/annotated-potholes-dataset/annotated-images/img-263.jpg,720,720,228,241,444,362
/kaggle/input/annotated-potholes-dataset/annotated-images/img-264.jpg,720,720,211,186,497,372
/kaggle/input/annotated-potholes-dataset/annotated-images/img-265.jpg,720,720,38,354,112,417
/kaggle/input/annotated-potholes-dataset/annotated-images/img-266.jpg,720,720,228,263,465,421
/kaggle/input/annotated-potholes-dataset/annotated-images/img-267.jpg,720,720,264,281,378,356
/kaggle/input/annotated-potholes-dataset/annotated-images/img-268.jpg,720,720,258,195,494,414
/kaggle/input/annotated-potholes-dataset/annotated-images/img-269.jpg,720,720,278,323,386,435
/kaggle/input/annotated-potholes-dataset/annotated-images/img-27.jpg,720,720,305,325,398,408
/kaggle/input/annotated-potholes-dataset/annotated-images/img-270.jpg,720,720,273,282,420,375
/kaggle/input/annotated-potholes-dataset/annotated-images/img-271.jpg,720,720,168,239,531,403
/kaggle/input/annotated-potholes-dataset/annotated-images/img-272.jpg,720,720,264,265,470,382
/kaggle/input/annotated-potholes-dataset/annotated-images/img-273.jpg,720,720,294,326,446,390
/kaggle/input/annotated-potholes-dataset/annotated-images/img-274.jpg,720,720,353,240,475,298
/kaggle/input/annotated-potholes-dataset/annotated-images/img-275.jpg,720,720,235,279,548,446
/kaggle/input/annotated-potholes-dataset/annotated-images/img-276.jpg,720,720,266,307,485,483
/kaggle/input/annotated-potholes-dataset/annotated-images/img-277.jpg,720,720,263,294,405,374
/kaggle/input/annotated-potholes-dataset/annotated-images/img-278.jpg,720,720,407,140,498,251
/kaggle/input/annotated-potholes-dataset/annotated-images/img-279.jpg,720,720,302,291,441,417
/kaggle/input/annotated-potholes-dataset/annotated-images/img-28.jpg,720,720,288,260,451,393
/kaggle/input/annotated-potholes-dataset/annotated-images/img-280.jpg,720,720,243,280,449,438
/kaggle/input/annotated-potholes-dataset/annotated-images/img-281.jpg,720,720,158,235,575,392
/kaggle/input/annotated-potholes-dataset/annotated-images/img-282.jpg,720,720,256,224,412,360
/kaggle/input/annotated-potholes-dataset/annotated-images/img-283.jpg,720,720,215,269,427,422
/kaggle/input/annotated-potholes-dataset/annotated-images/img-284.jpg,720,720,256,258,456,425
/kaggle/input/annotated-potholes-dataset/annotated-images/img-285.jpg,720,720,242,268,456,473
/kaggle/input/annotated-potholes-dataset/annotated-images/img-286.jpg,400,300,143,159,234,205
/kaggle/input/annotated-potholes-dataset/annotated-images/img-287.jpg,401,300,15,90,353,282
/kaggle/input/annotated-potholes-dataset/annotated-images/img-288.jpg,533,300,217,27,283,67
/kaggle/input/annotated-potholes-dataset/annotated-images/img-289.jpg,300,442,91,275,198,391
/kaggle/input/annotated-potholes-dataset/annotated-images/img-29.jpg,720,720,302,270,456,385
/kaggle/input/annotated-potholes-dataset/annotated-images/img-290.jpg,533,300,1,154,533,300
/kaggle/input/annotated-potholes-dataset/annotated-images/img-291.jpg,536,300,66,188,389,300
/kaggle/input/annotated-potholes-dataset/annotated-images/img-292.jpg,300,444,5,138,164,239
/kaggle/input/annotated-potholes-dataset/annotated-images/img-293.jpg,400,300,161,135,264,185
/kaggle/input/annotated-potholes-dataset/annotated-images/img-294.jpg,534,300,351,252,430,292
/kaggle/input/annotated-potholes-dataset/annotated-images/img-295.jpg,533,300,67,110,465,268
/kaggle/input/annotated-potholes-dataset/annotated-images/img-296.jpg,544,300,15,19,510,300
/kaggle/input/annotated-potholes-dataset/annotated-images/img-297.jpg,533,300,271,122,309,141
/kaggle/input/annotated-potholes-dataset/annotated-images/img-298.jpg,449,300,104,83,221,127
/kaggle/input/annotated-potholes-dataset/annotated-images/img-299.jpg,453,300,201,37,317,121
/kaggle/input/annotated-potholes-dataset/annotated-images/img-3.jpg,720,720,273,264,497,468
/kaggle/input/annotated-potholes-dataset/annotated-images/img-30.jpg,720,720,266,252,456,483
/kaggle/input/annotated-potholes-dataset/annotated-images/img-300.jpg,300,300,22,144,252,186
/kaggle/input/annotated-potholes-dataset/annotated-images/img-301.jpg,534,300,245,177,393,248
/kaggle/input/annotated-potholes-dataset/annotated-images/img-302.jpg,400,300,32,90,259,262
/kaggle/input/annotated-potholes-dataset/annotated-images/img-303.jpg,456,300,246,115,441,159
/kaggle/input/annotated-potholes-dataset/annotated-images/img-304.jpg,503,300,264,57,503,198
/kaggle/input/annotated-potholes-dataset/annotated-images/img-305.jpg,574,300,236,138,288,173
/kaggle/input/annotated-potholes-dataset/annotated-images/img-306.jpg,533,300,85,112,322,271
/kaggle/input/annotated-potholes-dataset/annotated-images/img-307.jpg,571,300,197,8,428,273
/kaggle/input/annotated-potholes-dataset/annotated-images/img-308.jpg,400,300,190,151,283,201
/kaggle/input/annotated-potholes-dataset/annotated-images/img-309.jpg,533,300,1,58,529,207
/kaggle/input/annotated-potholes-dataset/annotated-images/img-31.jpg,720,720,229,280,439,411
/kaggle/input/annotated-potholes-dataset/annotated-images/img-310.jpg,451,300,144,138,252,163
/kaggle/input/annotated-potholes-dataset/annotated-images/img-311.jpg,450,300,104,94,440,300
/kaggle/input/annotated-potholes-dataset/annotated-images/img-312.jpg,533,300,8,118,497,246
/kaggle/input/annotated-potholes-dataset/annotated-images/img-313.jpg,400,300,49,130,88,143
/kaggle/input/annotated-potholes-dataset/annotated-images/img-314.jpg,450,300,111,60,275,263
/kaggle/input/annotated-potholes-dataset/annotated-images/img-315.jpg,450,300,155,175,329,258
/kaggle/input/annotated-potholes-dataset/annotated-images/img-316.jpg,458,300,38,97,267,252
/kaggle/input/annotated-potholes-dataset/annotated-images/img-317.jpg,450,300,143,96,305,186
/kaggle/input/annotated-potholes-dataset/annotated-images/img-318.jpg,489,300,127,195,412,285
/kaggle/input/annotated-potholes-dataset/annotated-images/img-319.jpg,300,369,71,136,236,212
/kaggle/input/annotated-potholes-dataset/annotated-images/img-32.jpg,720,720,110,147,253,234
/kaggle/input/annotated-potholes-dataset/annotated-images/img-320.jpg,688,300,34,103,644,230
/kaggle/input/annotated-potholes-dataset/annotated-images/img-321.jpg,300,300,1,112,254,252
/kaggle/input/annotated-potholes-dataset/annotated-images/img-322.jpg,453,300,16,73,440,230
/kaggle/input/annotated-potholes-dataset/annotated-images/img-323.jpg,426,300,163,149,286,185
/kaggle/input/annotated-potholes-dataset/annotated-images/img-324.jpg,450,300,210,148,397,280
/kaggle/input/annotated-potholes-dataset/annotated-images/img-325.jpg,533,300,92,128,135,149
/kaggle/input/annotated-potholes-dataset/annotated-images/img-326.jpg,442,300,95,51,300,201
/kaggle/input/annotated-potholes-dataset/annotated-images/img-327.jpg,600,300,21,118,138,158
/kaggle/input/annotated-potholes-dataset/annotated-images/img-328.jpg,418,300,207,216,256,234
/kaggle/input/annotated-potholes-dataset/annotated-images/img-329.jpg,667,300,313,243,338,253
/kaggle/input/annotated-potholes-dataset/annotated-images/img-33.jpg,720,720,255,258,433,358
/kaggle/input/annotated-potholes-dataset/annotated-images/img-330.jpg,300,400,25,182,246,386
/kaggle/input/annotated-potholes-dataset/annotated-images/img-331.jpg,366,300,188,214,283,275
/kaggle/input/annotated-potholes-dataset/annotated-images/img-332.jpg,480,300,119,201,358,247
/kaggle/input/annotated-potholes-dataset/annotated-images/img-333.jpg,451,300,1,179,26,195
/kaggle/input/annotated-potholes-dataset/annotated-images/img-334.jpg,536,300,104,39,260,99
/kaggle/input/annotated-potholes-dataset/annotated-images/img-335.jpg,400,300,270,86,377,141
/kaggle/input/annotated-potholes-dataset/annotated-images/img-336.jpg,300,403,144,98,212,129
/kaggle/input/annotated-potholes-dataset/annotated-images/img-337.jpg,482,300,153,92,346,178
/kaggle/input/annotated-potholes-dataset/annotated-images/img-338.jpg,400,300,62,74,370,257
/kaggle/input/annotated-potholes-dataset/annotated-images/img-339.jpg,553,300,249,101,273,115
/kaggle/input/annotated-potholes-dataset/annotated-images/img-34.jpg,720,720,99,244,611,570
/kaggle/input/annotated-potholes-dataset/annotated-images/img-340.jpg,450,300,7,74,217,137
/kaggle/input/annotated-potholes-dataset/annotated-images/img-341.jpg,453,300,35,204,240,300
/kaggle/input/annotated-potholes-dataset/annotated-images/img-342.jpg,450,300,1,143,375,300
/kaggle/input/annotated-potholes-dataset/annotated-images/img-343.jpg,540,300,1,139,540,300
/kaggle/input/annotated-potholes-dataset/annotated-images/img-344.jpg,449,300,244,65,333,83
/kaggle/input/annotated-potholes-dataset/annotated-images/img-345.jpg,514,300,98,198,418,237
/kaggle/input/annotated-potholes-dataset/annotated-images/img-346.jpg,345,300,74,103,295,300
/kaggle/input/annotated-potholes-dataset/annotated-images/img-347.jpg,400,300,114,80,283,178
/kaggle/input/annotated-potholes-dataset/annotated-images/img-348.jpg,362,300,5,21,299,300
/kaggle/input/annotated-potholes-dataset/annotated-images/img-349.jpg,452,300,336,114,381,137
/kaggle/input/annotated-potholes-dataset/annotated-images/img-35.jpg,720,720,273,275,423,354
/kaggle/input/annotated-potholes-dataset/annotated-images/img-350.jpg,452,300,80,121,146,135
/kaggle/input/annotated-potholes-dataset/annotated-images/img-351.jpg,533,300,1,101,468,300
/kaggle/input/annotated-potholes-dataset/annotated-images/img-352.jpg,400,300,81,133,355,299
/kaggle/input/annotated-potholes-dataset/annotated-images/img-353.jpg,400,300,199,163,235,185
/kaggle/input/annotated-potholes-dataset/annotated-images/img-354.jpg,400,300,108,198,170,219
/kaggle/input/annotated-potholes-dataset/annotated-images/img-355.jpg,300,400,135,186,182,221
/kaggle/input/annotated-potholes-dataset/annotated-images/img-356.jpg,533,300,85,216,226,287
/kaggle/input/annotated-potholes-dataset/annotated-images/img-357.jpg,453,300,100,126,350,213
/kaggle/input/annotated-potholes-dataset/annotated-images/img-358.jpg,400,300,4,137,90,187
/kaggle/input/annotated-potholes-dataset/annotated-images/img-359.jpg,450,300,17,88,146,121
/kaggle/input/annotated-potholes-dataset/annotated-images/img-36.jpg,720,720,258,335,417,506
/kaggle/input/annotated-potholes-dataset/annotated-images/img-360.jpg,300,442,121,273,219,347
/kaggle/input/annotated-potholes-dataset/annotated-images/img-361.jpg,533,300,246,58,493,238
/kaggle/input/annotated-potholes-dataset/annotated-images/img-362.jpg,480,300,169,239,285,268
/kaggle/input/annotated-potholes-dataset/annotated-images/img-363.jpg,300,400,65,122,229,299
/kaggle/input/annotated-potholes-dataset/annotated-images/img-364.jpg,451,300,104,196,328,300
/kaggle/input/annotated-potholes-dataset/annotated-images/img-365.jpg,571,300,426,119,487,135
/kaggle/input/annotated-potholes-dataset/annotated-images/img-366.jpg,462,300,9,123,387,247
/kaggle/input/annotated-potholes-dataset/annotated-images/img-367.jpg,449,300,150,81,258,210
/kaggle/input/annotated-potholes-dataset/annotated-images/img-368.jpg,533,300,106,198,147,225
/kaggle/input/annotated-potholes-dataset/annotated-images/img-369.jpg,533,300,1,50,471,300
/kaggle/input/annotated-potholes-dataset/annotated-images/img-37.jpg,720,720,180,323,396,425
/kaggle/input/annotated-potholes-dataset/annotated-images/img-370.jpg,695,300,164,209,345,289
/kaggle/input/annotated-potholes-dataset/annotated-images/img-371.jpg,600,300,356,52,447,138
/kaggle/input/annotated-potholes-dataset/annotated-images/img-372.jpg,479,300,141,157,310,251
/kaggle/input/annotated-potholes-dataset/annotated-images/img-373.jpg,450,300,104,133,348,263
/kaggle/input/annotated-potholes-dataset/annotated-images/img-374.jpg,383,300,92,196,269,276
/kaggle/input/annotated-potholes-dataset/annotated-images/img-375.jpg,450,300,105,225,200,260
/kaggle/input/annotated-potholes-dataset/annotated-images/img-376.jpg,530,300,158,164,235,185
/kaggle/input/annotated-potholes-dataset/annotated-images/img-377.jpg,534,300,235,53,284,62
/kaggle/input/annotated-potholes-dataset/annotated-images/img-378.jpg,400,300,209,158,366,263
/kaggle/input/annotated-potholes-dataset/annotated-images/img-379.jpg,425,300,128,166,289,220
/kaggle/input/annotated-potholes-dataset/annotated-images/img-38.jpg,720,720,239,220,465,447
/kaggle/input/annotated-potholes-dataset/annotated-images/img-380.jpg,450,300,54,39,393,242
/kaggle/input/annotated-potholes-dataset/annotated-images/img-381.jpg,300,400,57,126,254,309
/kaggle/input/annotated-potholes-dataset/annotated-images/img-382.jpg,451,300,4,216,172,245
/kaggle/input/annotated-potholes-dataset/annotated-images/img-383.jpg,425,300,49,157,99,172
/kaggle/input/annotated-potholes-dataset/annotated-images/img-384.jpg,402,300,146,101,360,259
/kaggle/input/annotated-potholes-dataset/annotated-images/img-385.jpg,457,300,33,73,441,278
/kaggle/input/annotated-potholes-dataset/annotated-images/img-386.jpg,494,300,118,66,485,276
/kaggle/input/annotated-potholes-dataset/annotated-images/img-387.jpg,401,300,129,137,324,209
/kaggle/input/annotated-potholes-dataset/annotated-images/img-388.jpg,400,300,148,137,225,213
/kaggle/input/annotated-potholes-dataset/annotated-images/img-389.jpg,480,300,174,96,265,123
/kaggle/input/annotated-potholes-dataset/annotated-images/img-39.jpg,720,720,204,211,470,503
/kaggle/input/annotated-potholes-dataset/annotated-images/img-390.jpg,300,400,60,30,247,328
/kaggle/input/annotated-potholes-dataset/annotated-images/img-391.jpg,400,300,296,214,338,244
/kaggle/input/annotated-potholes-dataset/annotated-images/img-392.jpg,449,300,215,191,301,210
/kaggle/input/annotated-potholes-dataset/annotated-images/img-393.jpg,450,300,157,99,296,142
/kaggle/input/annotated-potholes-dataset/annotated-images/img-394.jpg,450,300,1,150,139,235
/kaggle/input/annotated-potholes-dataset/annotated-images/img-395.jpg,451,300,218,146,248,157
/kaggle/input/annotated-potholes-dataset/annotated-images/img-396.jpg,533,300,1,39,533,246
/kaggle/input/annotated-potholes-dataset/annotated-images/img-397.jpg,533,300,337,248,398,273
/kaggle/input/annotated-potholes-dataset/annotated-images/img-398.jpg,684,300,31,40,607,300
/kaggle/input/annotated-potholes-dataset/annotated-images/img-399.jpg,447,300,342,137,369,153
/kaggle/input/annotated-potholes-dataset/annotated-images/img-4.jpg,720,720,177,273,576,539
/kaggle/input/annotated-potholes-dataset/annotated-images/img-40.jpg,720,720,270,224,478,477
/kaggle/input/annotated-potholes-dataset/annotated-images/img-400.jpg,533,300,164,90,452,294
/kaggle/input/annotated-potholes-dataset/annotated-images/img-401.jpg,533,300,155,189,466,239
/kaggle/input/annotated-potholes-dataset/annotated-images/img-402.jpg,449,300,201,14,317,147
/kaggle/input/annotated-potholes-dataset/annotated-images/img-403.jpg,527,300,139,160,491,269
/kaggle/input/annotated-potholes-dataset/annotated-images/img-404.jpg,467,300,165,90,389,266
/kaggle/input/annotated-potholes-dataset/annotated-images/img-405.jpg,400,300,78,201,191,299
/kaggle/input/annotated-potholes-dataset/annotated-images/img-406.jpg,454,300,74,42,454,282
/kaggle/input/annotated-potholes-dataset/annotated-images/img-407.jpg,400,300,66,184,128,196
/kaggle/input/annotated-potholes-dataset/annotated-images/img-408.jpg,450,300,214,177,289,197
/kaggle/input/annotated-potholes-dataset/annotated-images/img-409.jpg,455,300,12,186,107,239
/kaggle/input/annotated-potholes-dataset/annotated-images/img-41.jpg,720,720,167,233,562,399
/kaggle/input/annotated-potholes-dataset/annotated-images/img-410.jpg,400,300,164,91,333,234
/kaggle/input/annotated-potholes-dataset/annotated-images/img-411.jpg,442,300,201,216,299,271
/kaggle/input/annotated-potholes-dataset/annotated-images/img-412.jpg,450,300,143,160,331,273
/kaggle/input/annotated-potholes-dataset/annotated-images/img-413.jpg,533,300,78,156,163,174
/kaggle/input/annotated-potholes-dataset/annotated-images/img-414.jpg,439,300,21,108,327,258
/kaggle/input/annotated-potholes-dataset/annotated-images/img-415.jpg,400,300,150,138,261,184
/kaggle/input/annotated-potholes-dataset/annotated-images/img-416.jpg,461,300,42,64,146,96
/kaggle/input/annotated-potholes-dataset/annotated-images/img-417.jpg,480,300,85,95,421,251
/kaggle/input/annotated-potholes-dataset/annotated-images/img-418.jpg,450,300,33,145,88,159
/kaggle/input/annotated-potholes-dataset/annotated-images/img-419.jpg,451,300,1,161,154,300
/kaggle/input/annotated-potholes-dataset/annotated-images/img-42.jpg,720,720,368,386,509,480
/kaggle/input/annotated-potholes-dataset/annotated-images/img-420.jpg,450,300,68,106,352,215
/kaggle/input/annotated-potholes-dataset/annotated-images/img-421.jpg,533,300,118,201,244,237
/kaggle/input/annotated-potholes-dataset/annotated-images/img-422.jpg,450,300,46,158,446,288
/kaggle/input/annotated-potholes-dataset/annotated-images/img-423.jpg,443,300,118,152,291,232
/kaggle/input/annotated-potholes-dataset/annotated-images/img-424.jpg,533,300,49,93,468,245
/kaggle/input/annotated-potholes-dataset/annotated-images/img-425.jpg,400,300,89,201,223,250
/kaggle/input/annotated-potholes-dataset/annotated-images/img-426.jpg,600,300,1,52,438,272
/kaggle/input/annotated-potholes-dataset/annotated-images/img-427.jpg,300,300,43,75,241,181
/kaggle/input/annotated-potholes-dataset/annotated-images/img-428.jpg,300,356,87,291,197,341
/kaggle/input/annotated-potholes-dataset/annotated-images/img-429.jpg,533,300,52,68,486,189
/kaggle/input/annotated-potholes-dataset/annotated-images/img-43.jpg,720,720,257,115,545,263
/kaggle/input/annotated-potholes-dataset/annotated-images/img-430.jpg,451,300,225,230,371,277
/kaggle/input/annotated-potholes-dataset/annotated-images/img-431.jpg,533,300,92,176,177,206
/kaggle/input/annotated-potholes-dataset/annotated-images/img-432.jpg,482,300,99,54,362,209
/kaggle/input/annotated-potholes-dataset/annotated-images/img-433.jpg,400,300,138,85,276,199
/kaggle/input/annotated-potholes-dataset/annotated-images/img-434.jpg,450,300,177,154,409,278
/kaggle/input/annotated-potholes-dataset/annotated-images/img-435.jpg,601,300,335,227,516,282
/kaggle/input/annotated-potholes-dataset/annotated-images/img-436.jpg,534,300,484,184,527,198
/kaggle/input/annotated-potholes-dataset/annotated-images/img-437.jpg,533,300,1,108,533,257
/kaggle/input/annotated-potholes-dataset/annotated-images/img-438.jpg,400,300,257,54,378,126
/kaggle/input/annotated-potholes-dataset/annotated-images/img-439.jpg,684,300,89,73,555,237
/kaggle/input/annotated-potholes-dataset/annotated-images/img-44.jpg,720,720,283,248,439,342
/kaggle/input/annotated-potholes-dataset/annotated-images/img-440.jpg,533,300,93,41,516,300
/kaggle/input/annotated-potholes-dataset/annotated-images/img-441.jpg,533,300,166,114,341,169
/kaggle/input/annotated-potholes-dataset/annotated-images/img-442.jpg,450,300,163,129,272,197
/kaggle/input/annotated-potholes-dataset/annotated-images/img-443.jpg,533,300,36,187,143,217
/kaggle/input/annotated-potholes-dataset/annotated-images/img-444.jpg,458,300,158,151,232,193
/kaggle/input/annotated-potholes-dataset/annotated-images/img-445.jpg,401,300,73,108,352,229
/kaggle/input/annotated-potholes-dataset/annotated-images/img-446.jpg,396,300,188,106,223,116
/kaggle/input/annotated-potholes-dataset/annotated-images/img-447.jpg,534,300,42,116,300,266
/kaggle/input/annotated-potholes-dataset/annotated-images/img-448.jpg,435,300,14,154,341,285
/kaggle/input/annotated-potholes-dataset/annotated-images/img-449.jpg,557,300,166,28,339,123
/kaggle/input/annotated-potholes-dataset/annotated-images/img-45.jpg,720,720,245,299,422,397
/kaggle/input/annotated-potholes-dataset/annotated-images/img-450.jpg,400,300,91,82,314,168
/kaggle/input/annotated-potholes-dataset/annotated-images/img-451.jpg,470,300,329,210,372,238
/kaggle/input/annotated-potholes-dataset/annotated-images/img-452.jpg,604,300,53,95,452,299
/kaggle/input/annotated-potholes-dataset/annotated-images/img-453.jpg,450,300,110,178,300,297
/kaggle/input/annotated-potholes-dataset/annotated-images/img-454.jpg,381,300,166,125,199,133
/kaggle/input/annotated-potholes-dataset/annotated-images/img-455.jpg,455,300,266,109,323,138
/kaggle/input/annotated-potholes-dataset/annotated-images/img-456.jpg,533,300,107,144,403,205
/kaggle/input/annotated-potholes-dataset/annotated-images/img-457.jpg,400,300,165,124,193,135
/kaggle/input/annotated-potholes-dataset/annotated-images/img-458.jpg,481,300,70,93,340,141
/kaggle/input/annotated-potholes-dataset/annotated-images/img-459.jpg,533,300,16,128,170,154
/kaggle/input/annotated-potholes-dataset/annotated-images/img-46.jpg,720,720,215,349,434,472
/kaggle/input/annotated-potholes-dataset/annotated-images/img-460.jpg,451,300,154,90,385,130
/kaggle/input/annotated-potholes-dataset/annotated-images/img-461.jpg,463,300,185,227,276,283
/kaggle/input/annotated-potholes-dataset/annotated-images/img-462.jpg,425,300,187,203,315,272
/kaggle/input/annotated-potholes-dataset/annotated-images/img-463.jpg,370,300,92,177,366,284
/kaggle/input/annotated-potholes-dataset/annotated-images/img-464.jpg,690,300,217,109,509,295
/kaggle/input/annotated-potholes-dataset/annotated-images/img-465.jpg,510,300,168,92,482,201
/kaggle/input/annotated-potholes-dataset/annotated-images/img-466.jpg,382,300,196,207,317,260
/kaggle/input/annotated-potholes-dataset/annotated-images/img-467.jpg,716,300,120,160,596,225
/kaggle/input/annotated-potholes-dataset/annotated-images/img-468.jpg,401,300,162,120,300,152
/kaggle/input/annotated-potholes-dataset/annotated-images/img-469.jpg,450,300,195,193,332,300
/kaggle/input/annotated-potholes-dataset/annotated-images/img-47.jpg,720,720,231,241,467,385
/kaggle/input/annotated-potholes-dataset/annotated-images/img-470.jpg,459,300,52,77,180,141
/kaggle/input/annotated-potholes-dataset/annotated-images/img-471.jpg,400,300,125,200,214,232
/kaggle/input/annotated-potholes-dataset/annotated-images/img-472.jpg,506,300,46,143,379,271
/kaggle/input/annotated-potholes-dataset/annotated-images/img-473.jpg,400,300,65,90,353,191
/kaggle/input/annotated-potholes-dataset/annotated-images/img-474.jpg,401,300,102,189,223,243
/kaggle/input/annotated-potholes-dataset/annotated-images/img-475.jpg,460,300,17,34,415,253
/kaggle/input/annotated-potholes-dataset/annotated-images/img-476.jpg,450,300,64,155,131,185
/kaggle/input/annotated-potholes-dataset/annotated-images/img-477.jpg,400,300,137,129,277,198
/kaggle/input/annotated-potholes-dataset/annotated-images/img-478.jpg,427,300,111,156,328,279
/kaggle/input/annotated-potholes-dataset/annotated-images/img-479.jpg,720,280,192,79,504,203
/kaggle/input/annotated-potholes-dataset/annotated-images/img-48.jpg,720,720,173,301,429,396
/kaggle/input/annotated-potholes-dataset/annotated-images/img-480.jpg,450,300,149,131,306,231
/kaggle/input/annotated-potholes-dataset/annotated-images/img-481.jpg,533,300,22,187,384,262
/kaggle/input/annotated-potholes-dataset/annotated-images/img-482.jpg,571,300,232,76,293,89
/kaggle/input/annotated-potholes-dataset/annotated-images/img-483.jpg,400,300,74,39,307,272
/kaggle/input/annotated-potholes-dataset/annotated-images/img-484.jpg,450,300,78,100,150,110
/kaggle/input/annotated-potholes-dataset/annotated-images/img-485.jpg,534,300,145,173,532,300
/kaggle/input/annotated-potholes-dataset/annotated-images/img-486.jpg,400,300,162,151,280,187
/kaggle/input/annotated-potholes-dataset/annotated-images/img-487.jpg,533,300,248,147,422,188
/kaggle/input/annotated-potholes-dataset/annotated-images/img-488.jpg,400,300,191,163,219,186
/kaggle/input/annotated-potholes-dataset/annotated-images/img-489.jpg,300,300,1,81,179,226
/kaggle/input/annotated-potholes-dataset/annotated-images/img-49.jpg,720,720,239,302,491,524
/kaggle/input/annotated-potholes-dataset/annotated-images/img-490.jpg,533,300,243,123,366,159
/kaggle/input/annotated-potholes-dataset/annotated-images/img-491.jpg,480,300,145,236,348,298
/kaggle/input/annotated-potholes-dataset/annotated-images/img-492.jpg,300,400,103,85,209,123
/kaggle/input/annotated-potholes-dataset/annotated-images/img-493.jpg,300,400,91,177,117,193
/kaggle/input/annotated-potholes-dataset/annotated-images/img-494.jpg,400,300,50,40,95,64
/kaggle/input/annotated-potholes-dataset/annotated-images/img-495.jpg,544,300,136,59,544,300
/kaggle/input/annotated-potholes-dataset/annotated-images/img-496.jpg,465,300,1,106,465,300
/kaggle/input/annotated-potholes-dataset/annotated-images/img-497.jpg,450,300,105,61,350,270
/kaggle/input/annotated-potholes-dataset/annotated-images/img-498.jpg,453,300,16,211,127,248
/kaggle/input/annotated-potholes-dataset/annotated-images/img-499.jpg,400,300,75,92,312,205
/kaggle/input/annotated-potholes-dataset/annotated-images/img-5.jpg,720,720,233,315,528,412
/kaggle/input/annotated-potholes-dataset/annotated-images/img-50.jpg,720,720,276,272,394,344
/kaggle/input/annotated-potholes-dataset/annotated-images/img-500.jpg,300,451,172,187,300,236
/kaggle/input/annotated-potholes-dataset/annotated-images/img-501.jpg,450,300,30,230,153,271
/kaggle/input/annotated-potholes-dataset/annotated-images/img-502.jpg,450,300,86,53,148,73
/kaggle/input/annotated-potholes-dataset/annotated-images/img-503.jpg,600,300,75,80,523,229
/kaggle/input/annotated-potholes-dataset/annotated-images/img-504.jpg,460,300,234,55,283,81
/kaggle/input/annotated-potholes-dataset/annotated-images/img-505.jpg,571,300,166,209,337,280
/kaggle/input/annotated-potholes-dataset/annotated-images/img-506.jpg,520,300,67,150,323,272
/kaggle/input/annotated-potholes-dataset/annotated-images/img-507.jpg,373,300,174,200,275,223
/kaggle/input/annotated-potholes-dataset/annotated-images/img-508.jpg,533,300,237,35,363,77
/kaggle/input/annotated-potholes-dataset/annotated-images/img-509.jpg,533,300,229,185,333,300
/kaggle/input/annotated-potholes-dataset/annotated-images/img-51.jpg,720,720,273,284,439,387
/kaggle/input/annotated-potholes-dataset/annotated-images/img-510.jpg,583,300,171,150,233,178
/kaggle/input/annotated-potholes-dataset/annotated-images/img-511.jpg,451,300,132,54,380,194
/kaggle/input/annotated-potholes-dataset/annotated-images/img-512.jpg,400,300,93,90,182,130
/kaggle/input/annotated-potholes-dataset/annotated-images/img-513.jpg,400,300,43,94,309,182
/kaggle/input/annotated-potholes-dataset/annotated-images/img-514.jpg,300,397,151,156,190,180
/kaggle/input/annotated-potholes-dataset/annotated-images/img-515.jpg,449,300,101,67,314,216
/kaggle/input/annotated-potholes-dataset/annotated-images/img-516.jpg,453,300,244,169,350,296
/kaggle/input/annotated-potholes-dataset/annotated-images/img-517.jpg,533,300,299,137,401,173
/kaggle/input/annotated-potholes-dataset/annotated-images/img-518.jpg,533,300,118,111,433,230
/kaggle/input/annotated-potholes-dataset/annotated-images/img-519.jpg,300,450,72,144,117,154
/kaggle/input/annotated-potholes-dataset/annotated-images/img-52.jpg,720,720,289,297,499,423
/kaggle/input/annotated-potholes-dataset/annotated-images/img-520.jpg,720,251,183,180,453,250
/kaggle/input/annotated-potholes-dataset/annotated-images/img-521.jpg,450,300,41,130,283,224
/kaggle/input/annotated-potholes-dataset/annotated-images/img-522.jpg,450,300,39,179,198,230
/kaggle/input/annotated-potholes-dataset/annotated-images/img-523.jpg,400,300,89,138,328,215
/kaggle/input/annotated-potholes-dataset/annotated-images/img-524.jpg,533,300,277,218,439,272
/kaggle/input/annotated-potholes-dataset/annotated-images/img-525.jpg,400,300,71,161,248,214
/kaggle/input/annotated-potholes-dataset/annotated-images/img-526.jpg,407,300,105,152,224,184
/kaggle/input/annotated-potholes-dataset/annotated-images/img-527.jpg,450,300,158,180,318,233
/kaggle/input/annotated-potholes-dataset/annotated-images/img-528.jpg,450,300,107,27,406,279
/kaggle/input/annotated-potholes-dataset/annotated-images/img-529.jpg,450,300,145,73,244,125
/kaggle/input/annotated-potholes-dataset/annotated-images/img-53.jpg,720,720,213,248,458,464
/kaggle/input/annotated-potholes-dataset/annotated-images/img-530.jpg,509,300,1,15,59,54
/kaggle/input/annotated-potholes-dataset/annotated-images/img-531.jpg,400,300,118,195,161,211
/kaggle/input/annotated-potholes-dataset/annotated-images/img-532.jpg,517,300,201,196,336,300
/kaggle/input/annotated-potholes-dataset/annotated-images/img-533.jpg,451,300,272,104,330,129
/kaggle/input/annotated-potholes-dataset/annotated-images/img-534.jpg,400,300,148,166,184,176
/kaggle/input/annotated-potholes-dataset/annotated-images/img-535.jpg,449,300,181,160,353,227
/kaggle/input/annotated-potholes-dataset/annotated-images/img-536.jpg,533,300,1,50,531,300
/kaggle/input/annotated-potholes-dataset/annotated-images/img-537.jpg,400,300,90,16,329,300
/kaggle/input/annotated-potholes-dataset/annotated-images/img-538.jpg,450,300,125,95,418,275
/kaggle/input/annotated-potholes-dataset/annotated-images/img-539.jpg,450,300,1,116,109,193
/kaggle/input/annotated-potholes-dataset/annotated-images/img-54.jpg,720,720,245,296,498,506
/kaggle/input/annotated-potholes-dataset/annotated-images/img-540.jpg,450,300,181,75,227,96
/kaggle/input/annotated-potholes-dataset/annotated-images/img-541.jpg,450,300,168,140,376,300
/kaggle/input/annotated-potholes-dataset/annotated-images/img-542.jpg,404,300,90,1,209,57
/kaggle/input/annotated-potholes-dataset/annotated-images/img-543.jpg,360,300,125,85,264,133
/kaggle/input/annotated-potholes-dataset/annotated-images/img-544.jpg,400,300,105,164,342,257
/kaggle/input/annotated-potholes-dataset/annotated-images/img-545.jpg,677,300,236,103,527,197
/kaggle/input/annotated-potholes-dataset/annotated-images/img-546.jpg,464,300,210,194,367,251
/kaggle/input/annotated-potholes-dataset/annotated-images/img-547.jpg,300,400,124,153,194,191
/kaggle/input/annotated-potholes-dataset/annotated-images/img-548.jpg,451,300,124,119,303,205
/kaggle/input/annotated-potholes-dataset/annotated-images/img-549.jpg,400,300,205,149,368,215
/kaggle/input/annotated-potholes-dataset/annotated-images/img-55.jpg,720,720,96,452,172,503
/kaggle/input/annotated-potholes-dataset/annotated-images/img-550.jpg,400,300,110,128,222,182
/kaggle/input/annotated-potholes-dataset/annotated-images/img-551.jpg,527,300,314,157,361,176
/kaggle/input/annotated-potholes-dataset/annotated-images/img-552.jpg,400,300,88,99,245,191
/kaggle/input/annotated-potholes-dataset/annotated-images/img-553.jpg,455,300,220,93,252,103
/kaggle/input/annotated-potholes-dataset/annotated-images/img-554.jpg,532,300,182,163,269,191
/kaggle/input/annotated-potholes-dataset/annotated-images/img-555.jpg,400,300,135,135,312,200
/kaggle/input/annotated-potholes-dataset/annotated-images/img-556.jpg,400,300,105,106,138,124
/kaggle/input/annotated-potholes-dataset/annotated-images/img-557.jpg,400,300,147,142,246,186
/kaggle/input/annotated-potholes-dataset/annotated-images/img-558.jpg,400,300,92,147,263,193
/kaggle/input/annotated-potholes-dataset/annotated-images/img-559.jpg,533,300,268,42,469,197
/kaggle/input/annotated-potholes-dataset/annotated-images/img-56.jpg,720,720,268,275,457,376
/kaggle/input/annotated-potholes-dataset/annotated-images/img-560.jpg,450,300,116,140,138,151
/kaggle/input/annotated-potholes-dataset/annotated-images/img-561.jpg,400,300,176,38,212,52
/kaggle/input/annotated-potholes-dataset/annotated-images/img-562.jpg,400,300,164,110,197,128
/kaggle/input/annotated-potholes-dataset/annotated-images/img-563.jpg,533,300,204,212,260,252
/kaggle/input/annotated-potholes-dataset/annotated-images/img-564.jpg,400,300,163,205,245,243
/kaggle/input/annotated-potholes-dataset/annotated-images/img-565.jpg,406,300,1,84,388,256
/kaggle/input/annotated-potholes-dataset/annotated-images/img-566.jpg,438,300,234,52,268,64
/kaggle/input/annotated-potholes-dataset/annotated-images/img-567.jpg,450,300,72,47,403,269
/kaggle/input/annotated-potholes-dataset/annotated-images/img-568.jpg,400,300,113,102,268,168
/kaggle/input/annotated-potholes-dataset/annotated-images/img-569.jpg,400,300,158,124,242,146
/kaggle/input/annotated-potholes-dataset/annotated-images/img-57.jpg,720,720,274,296,437,391
/kaggle/input/annotated-potholes-dataset/annotated-images/img-570.jpg,533,300,285,126,365,172
/kaggle/input/annotated-potholes-dataset/annotated-images/img-571.jpg,533,300,172,152,209,165
/kaggle/input/annotated-potholes-dataset/annotated-images/img-572.jpg,533,300,193,153,291,175
/kaggle/input/annotated-potholes-dataset/annotated-images/img-573.jpg,544,300,75,122,452,204
/kaggle/input/annotated-potholes-dataset/annotated-images/img-574.jpg,498,300,261,194,469,230
/kaggle/input/annotated-potholes-dataset/annotated-images/img-575.jpg,409,300,47,87,171,145
/kaggle/input/annotated-potholes-dataset/annotated-images/img-576.jpg,400,300,4,141,394,264
/kaggle/input/annotated-potholes-dataset/annotated-images/img-577.jpg,480,300,37,154,235,234
/kaggle/input/annotated-potholes-dataset/annotated-images/img-578.jpg,449,300,102,61,378,260
/kaggle/input/annotated-potholes-dataset/annotated-images/img-579.jpg,400,300,1,156,400,284
/kaggle/input/annotated-potholes-dataset/annotated-images/img-58.jpg,720,720,249,297,402,416
/kaggle/input/annotated-potholes-dataset/annotated-images/img-580.jpg,535,300,146,196,202,222
/kaggle/input/annotated-potholes-dataset/annotated-images/img-581.jpg,447,300,66,143,111,160
/kaggle/input/annotated-potholes-dataset/annotated-images/img-582.jpg,481,300,29,24,422,276
/kaggle/input/annotated-potholes-dataset/annotated-images/img-583.jpg,533,300,338,94,496,154
/kaggle/input/annotated-potholes-dataset/annotated-images/img-584.jpg,459,300,94,77,389,275
/kaggle/input/annotated-potholes-dataset/annotated-images/img-585.jpg,450,300,122,91,296,136
/kaggle/input/annotated-potholes-dataset/annotated-images/img-586.jpg,400,300,1,28,396,252
/kaggle/input/annotated-potholes-dataset/annotated-images/img-587.jpg,503,300,78,184,240,254
/kaggle/input/annotated-potholes-dataset/annotated-images/img-588.jpg,491,300,241,143,428,245
/kaggle/input/annotated-potholes-dataset/annotated-images/img-589.jpg,450,300,141,233,203,262
/kaggle/input/annotated-potholes-dataset/annotated-images/img-59.jpg,720,720,218,237,522,411
/kaggle/input/annotated-potholes-dataset/annotated-images/img-590.jpg,534,300,92,131,475,300
/kaggle/input/annotated-potholes-dataset/annotated-images/img-591.jpg,540,300,129,99,368,165
/kaggle/input/annotated-potholes-dataset/annotated-images/img-592.jpg,336,300,90,154,184,200
/kaggle/input/annotated-potholes-dataset/annotated-images/img-593.jpg,521,300,172,184,356,255
/kaggle/input/annotated-potholes-dataset/annotated-images/img-594.jpg,457,300,22,59,87,83
/kaggle/input/annotated-potholes-dataset/annotated-images/img-595.jpg,300,300,162,155,241,214
/kaggle/input/annotated-potholes-dataset/annotated-images/img-596.jpg,450,300,1,62,450,280
/kaggle/input/annotated-potholes-dataset/annotated-images/img-597.jpg,450,300,163,192,280,244
/kaggle/input/annotated-potholes-dataset/annotated-images/img-598.jpg,533,300,22,130,73,151
/kaggle/input/annotated-potholes-dataset/annotated-images/img-599.jpg,533,300,2,127,61,148
/kaggle/input/annotated-potholes-dataset/annotated-images/img-6.jpg,720,720,276,215,443,357
/kaggle/input/annotated-potholes-dataset/annotated-images/img-60.jpg,720,720,308,282,443,404
/kaggle/input/annotated-potholes-dataset/annotated-images/img-600.jpg,450,300,166,159,328,225
/kaggle/input/annotated-potholes-dataset/annotated-images/img-601.jpg,450,300,118,163,275,206
/kaggle/input/annotated-potholes-dataset/annotated-images/img-602.jpg,529,300,122,112,350,244
/kaggle/input/annotated-potholes-dataset/annotated-images/img-603.jpg,300,533,1,129,300,364
/kaggle/input/annotated-potholes-dataset/annotated-images/img-604.jpg,445,300,273,160,375,208
/kaggle/input/annotated-potholes-dataset/annotated-images/img-605.jpg,421,300,70,76,382,265
/kaggle/input/annotated-potholes-dataset/annotated-images/img-606.jpg,600,300,191,49,411,300
/kaggle/input/annotated-potholes-dataset/annotated-images/img-607.jpg,485,300,52,100,417,266
/kaggle/input/annotated-potholes-dataset/annotated-images/img-608.jpg,300,357,16,176,257,357
/kaggle/input/annotated-potholes-dataset/annotated-images/img-609.jpg,400,300,34,152,112,178
/kaggle/input/annotated-potholes-dataset/annotated-images/img-61.jpg,720,720,277,265,401,341
/kaggle/input/annotated-potholes-dataset/annotated-images/img-610.jpg,300,400,102,212,237,282
/kaggle/input/annotated-potholes-dataset/annotated-images/img-611.jpg,437,300,47,99,396,193
/kaggle/input/annotated-potholes-dataset/annotated-images/img-612.jpg,400,300,19,117,305,254
/kaggle/input/annotated-potholes-dataset/annotated-images/img-613.jpg,506,300,106,99,397,214
/kaggle/input/annotated-potholes-dataset/annotated-images/img-614.jpg,474,300,168,93,339,295
/kaggle/input/annotated-potholes-dataset/annotated-images/img-615.jpg,486,300,24,73,358,198
/kaggle/input/annotated-potholes-dataset/annotated-images/img-616.jpg,451,300,148,161,169,172
/kaggle/input/annotated-potholes-dataset/annotated-images/img-617.jpg,450,300,210,207,272,223
/kaggle/input/annotated-potholes-dataset/annotated-images/img-618.jpg,533,300,116,137,185,202
/kaggle/input/annotated-potholes-dataset/annotated-images/img-619.jpg,472,300,159,107,348,189
/kaggle/input/annotated-potholes-dataset/annotated-images/img-62.jpg,720,720,251,217,382,327
/kaggle/input/annotated-potholes-dataset/annotated-images/img-620.jpg,571,300,53,210,409,271
/kaggle/input/annotated-potholes-dataset/annotated-images/img-621.jpg,303,300,198,146,240,183
/kaggle/input/annotated-potholes-dataset/annotated-images/img-622.jpg,655,300,96,81,316,198
/kaggle/input/annotated-potholes-dataset/annotated-images/img-623.jpg,534,300,94,51,414,267
/kaggle/input/annotated-potholes-dataset/annotated-images/img-624.jpg,427,300,71,166,159,201
/kaggle/input/annotated-potholes-dataset/annotated-images/img-625.jpg,533,300,62,124,456,198
/kaggle/input/annotated-potholes-dataset/annotated-images/img-626.jpg,450,300,114,101,310,157
/kaggle/input/annotated-potholes-dataset/annotated-images/img-627.jpg,600,300,85,198,214,252
/kaggle/input/annotated-potholes-dataset/annotated-images/img-628.jpg,447,300,114,59,330,220
/kaggle/input/annotated-potholes-dataset/annotated-images/img-629.jpg,400,300,93,56,279,204
/kaggle/input/annotated-potholes-dataset/annotated-images/img-63.jpg,720,720,270,259,471,390
/kaggle/input/annotated-potholes-dataset/annotated-images/img-630.jpg,450,300,32,164,306,283
/kaggle/input/annotated-potholes-dataset/annotated-images/img-631.jpg,452,300,351,26,452,86
/kaggle/input/annotated-potholes-dataset/annotated-images/img-632.jpg,450,300,41,227,132,256
/kaggle/input/annotated-potholes-dataset/annotated-images/img-633.jpg,399,300,57,74,367,184
/kaggle/input/annotated-potholes-dataset/annotated-images/img-634.jpg,450,300,212,76,250,100
/kaggle/input/annotated-potholes-dataset/annotated-images/img-635.jpg,300,300,1,85,300,240
/kaggle/input/annotated-potholes-dataset/annotated-images/img-636.jpg,450,300,132,158,288,188
/kaggle/input/annotated-potholes-dataset/annotated-images/img-637.jpg,464,300,143,57,191,68
/kaggle/input/annotated-potholes-dataset/annotated-images/img-638.jpg,533,300,22,27,489,272
/kaggle/input/annotated-potholes-dataset/annotated-images/img-639.jpg,534,300,92,28,383,103
/kaggle/input/annotated-potholes-dataset/annotated-images/img-64.jpg,720,720,209,333,456,476
/kaggle/input/annotated-potholes-dataset/annotated-images/img-640.jpg,400,300,66,131,303,242
/kaggle/input/annotated-potholes-dataset/annotated-images/img-641.jpg,464,300,13,87,202,173
/kaggle/input/annotated-potholes-dataset/annotated-images/img-642.jpg,300,400,86,135,173,159
/kaggle/input/annotated-potholes-dataset/annotated-images/img-643.jpg,400,300,170,169,315,215
/kaggle/input/annotated-potholes-dataset/annotated-images/img-644.jpg,300,399,101,28,244,64
/kaggle/input/annotated-potholes-dataset/annotated-images/img-645.jpg,451,300,171,227,384,289
/kaggle/input/annotated-potholes-dataset/annotated-images/img-646.jpg,534,300,143,174,397,244
/kaggle/input/annotated-potholes-dataset/annotated-images/img-647.jpg,533,300,189,83,386,265
/kaggle/input/annotated-potholes-dataset/annotated-images/img-648.jpg,720,266,262,231,419,262
/kaggle/input/annotated-potholes-dataset/annotated-images/img-649.jpg,532,300,120,71,358,175
/kaggle/input/annotated-potholes-dataset/annotated-images/img-65.jpg,720,720,233,357,492,504
/kaggle/input/annotated-potholes-dataset/annotated-images/img-650.jpg,435,300,206,193,269,218
/kaggle/input/annotated-potholes-dataset/annotated-images/img-651.jpg,400,300,128,118,306,214
/kaggle/input/annotated-potholes-dataset/annotated-images/img-652.jpg,450,300,133,195,423,297
/kaggle/input/annotated-potholes-dataset/annotated-images/img-653.jpg,450,300,1,57,87,126
/kaggle/input/annotated-potholes-dataset/annotated-images/img-654.jpg,450,300,238,179,381,221
/kaggle/input/annotated-potholes-dataset/annotated-images/img-655.jpg,534,300,1,187,188,276
/kaggle/input/annotated-potholes-dataset/annotated-images/img-656.jpg,300,440,76,199,234,295
/kaggle/input/annotated-potholes-dataset/annotated-images/img-657.jpg,400,300,7,76,383,232
/kaggle/input/annotated-potholes-dataset/annotated-images/img-658.jpg,300,400,224,175,283,226
/kaggle/input/annotated-potholes-dataset/annotated-images/img-659.jpg,533,300,93,173,462,243
/kaggle/input/annotated-potholes-dataset/annotated-images/img-66.jpg,720,720,244,198,485,467
/kaggle/input/annotated-potholes-dataset/annotated-images/img-660.jpg,450,300,212,226,288,274
/kaggle/input/annotated-potholes-dataset/annotated-images/img-661.jpg,533,300,113,125,531,300
/kaggle/input/annotated-potholes-dataset/annotated-images/img-662.jpg,452,300,169,205,239,233
/kaggle/input/annotated-potholes-dataset/annotated-images/img-663.jpg,335,300,28,113,139,150
/kaggle/input/annotated-potholes-dataset/annotated-images/img-664.jpg,400,300,1,57,377,227
/kaggle/input/annotated-potholes-dataset/annotated-images/img-665.jpg,452,300,114,129,284,197
/kaggle/input/annotated-potholes-dataset/annotated-images/img-67.jpg,720,720,160,282,379,449
/kaggle/input/annotated-potholes-dataset/annotated-images/img-68.jpg,720,720,331,255,564,404
/kaggle/input/annotated-potholes-dataset/annotated-images/img-69.jpg,720,720,330,332,441,437
/kaggle/input/annotated-potholes-dataset/annotated-images/img-7.jpg,720,720,140,198,512,373
/kaggle/input/annotated-potholes-dataset/annotated-images/img-70.jpg,720,720,255,250,456,356
/kaggle/input/annotated-potholes-dataset/annotated-images/img-71.jpg,720,720,290,327,435,443
/kaggle/input/annotated-potholes-dataset/annotated-images/img-72.jpg,720,720,260,287,493,433
/kaggle/input/annotated-potholes-dataset/annotated-images/img-73.jpg,720,720,236,325,474,516
/kaggle/input/annotated-potholes-dataset/annotated-images/img-74.jpg,720,720,311,322,415,378
/kaggle/input/annotated-potholes-dataset/annotated-images/img-75.jpg,720,720,285,291,418,398
/kaggle/input/annotated-potholes-dataset/annotated-images/img-76.jpg,720,720,194,211,377,359
/kaggle/input/annotated-potholes-dataset/annotated-images/img-77.jpg,720,720,257,359,407,471
/kaggle/input/annotated-potholes-dataset/annotated-images/img-78.jpg,720,720,284,272,485,443
/kaggle/input/annotated-potholes-dataset/annotated-images/img-79.jpg,720,720,106,236,609,449
/kaggle/input/annotated-potholes-dataset/annotated-images/img-8.jpg,720,720,196,311,387,449
/kaggle/input/annotated-potholes-dataset/annotated-images/img-80.jpg,720,720,216,226,449,421
/kaggle/input/annotated-potholes-dataset/annotated-images/img-81.jpg,720,720,235,327,526,464
/kaggle/input/annotated-potholes-dataset/annotated-images/img-82.jpg,720,720,221,182,470,395
/kaggle/input/annotated-potholes-dataset/annotated-images/img-83.jpg,720,720,276,263,468,474
/kaggle/input/annotated-potholes-dataset/annotated-images/img-84.jpg,720,720,209,235,351,340
/kaggle/input/annotated-potholes-dataset/annotated-images/img-85.jpg,720,720,231,289,383,381
/kaggle/input/annotated-potholes-dataset/annotated-images/img-86.jpg,720,720,230,282,395,395
/kaggle/input/annotated-potholes-dataset/annotated-images/img-87.jpg,720,720,235,265,440,530
/kaggle/input/annotated-potholes-dataset/annotated-images/img-88.jpg,720,720,263,314,391,486
/kaggle/input/annotated-potholes-dataset/annotated-images/img-89.jpg,720,720,228,249,438,387
/kaggle/input/annotated-potholes-dataset/annotated-images/img-9.jpg,720,720,264,289,480,416
/kaggle/input/annotated-potholes-dataset/annotated-images/img-90.jpg,720,720,264,337,476,491
/kaggle/input/annotated-potholes-dataset/annotated-images/img-91.jpg,720,720,296,315,386,421
/kaggle/input/annotated-potholes-dataset/annotated-images/img-92.jpg,720,720,171,279,524,493
/kaggle/input/annotated-potholes-dataset/annotated-images/img-93.jpg,720,720,2,37,139,114
/kaggle/input/annotated-potholes-dataset/annotated-images/img-94.jpg,720,720,180,305,509,426
/kaggle/input/annotated-potholes-dataset/annotated-images/img-95.jpg,720,720,288,233,440,366
/kaggle/input/annotated-potholes-dataset/annotated-images/img-96.jpg,720,720,257,306,382,409
/kaggle/input/annotated-potholes-dataset/annotated-images/img-97.jpg,720,720,245,263,477,348
/kaggle/input/annotated-potholes-dataset/annotated-images/img-98.jpg,720,720,505,44,585,101
/kaggle/input/annotated-potholes-dataset/annotated-images/img-99.jpg,720,720,228,269,478,474
